material,matno,energy_MeV,stopping_power_electronic_MeV_cm2_g,stopping_power_nuclear_MeV_cm2_g,stopping_power_total_MeV_cm2_g,csda_range_g_cm2,projected_range_g_cm2,detour_factor
water,276,0.001,133.7,43.15,176.9,6.319e-06,2.878e-06,0.4555
water,276,0.0015,163.8,34.6,198.4,8.969e-06,4.4e-06,0.4906
water,276,0.002,189.1,29.27,218.4,1.137e-05,5.909e-06,0.5197
water,276,0.0025,211.4,25.57,237.0,1.357e-05,7.38e-06,0.544
water,276,0.003,231.6,22.81,254.4,1.56e-05,8.811e-06,0.5647
water,276,0.004,267.5,18.94,286.4,1.93e-05,1.155e-05,0.5986
water,276,0.005,299.0,16.31,315.3,2.262e-05,1.415e-05,0.6254
water,276,0.006,327.6,14.39,342.0,2.567e-05,1.661e-05,0.6473
water,276,0.007,353.8,12.92,366.7,2.849e-05,1.896e-05,0.6656
water,276,0.008,378.2,11.75,390.0,3.113e-05,2.121e-05,0.6813
water,276,0.009,401.2,10.8,412.0,3.363e-05,2.337e-05,0.695
water,276,0.01,422.9,10.0,432.9,3.599e-05,2.545e-05,0.707
water,276,0.0125,466.0,8.485,474.5,4.15e-05,3.037e-05,0.7318
water,276,0.015,503.6,7.4,511.0,4.657e-05,3.499e-05,0.7514
water,276,0.0175,537.2,6.581,543.7,5.131e-05,3.938e-05,0.7674
water,276,0.02,567.3,5.939,573.3,5.578e-05,4.356e-05,0.7808
water,276,0.0225,594.6,5.421,600.1,6.005e-05,4.757e-05,0.7923
water,276,0.025,619.5,4.993,624.5,6.413e-05,5.144e-05,0.8022
water,276,0.0275,642.1,4.633,646.7,6.806e-05,5.519e-05,0.8109
water,276,0.03,662.8,4.325,667.1,7.187e-05,5.883e-05,0.8187
water,276,0.035,698.9,3.826,702.8,7.916e-05,6.585e-05,0.8319
water,276,0.04,729.0,3.437,732.4,8.613e-05,7.259e-05,0.8429
water,276,0.045,753.8,3.126,756.9,9.284e-05,7.911e-05,0.8522
water,276,0.05,774.0,2.87,776.8,9.935e-05,8.547e-05,0.8602
water,276,0.055,790.1,2.655,792.7,0.0001057,9.169e-05,0.8673
water,276,0.06,802.6,2.473,805.0,0.000112,9.782e-05,0.8735
water,276,0.065,811.9,2.316,814.2,0.0001182,0.0001039,0.8791
water,276,0.07,818.3,2.178,820.5,0.0001243,0.0001099,0.8842
water,276,0.075,822.3,2.058,824.3,0.0001303,0.0001159,0.8889
water,276,0.08,824.1,1.951,826.0,0.0001364,0.0001218,0.8931
water,276,0.085,823.9,1.855,825.8,0.0001425,0.0001278,0.8971
water,276,0.09,822.2,1.769,823.9,0.0001485,0.0001338,0.9007
water,276,0.095,819.0,1.691,820.6,0.0001546,0.0001398,0.9041
water,276,0.1,814.5,1.62,816.1,0.0001607,0.0001458,0.9073
water,276,0.125,780.1,1.343,781.4,0.000192,0.0001767,0.9207
water,276,0.15,736.0,1.152,737.1,0.0002249,0.0002094,0.931
water,276,0.175,695.9,1.01,696.9,0.0002598,0.000244,0.9393
water,276,0.2,660.4,0.9016,661.3,0.0002966,0.0002806,0.946
water,276,0.225,628.6,0.8152,629.4,0.0003354,0.0003191,0.9515
water,276,0.25,599.9,0.7447,600.6,0.0003761,0.0003596,0.9562
water,276,0.275,573.7,0.6855,574.4,0.0004186,0.0004019,0.9601
water,276,0.3,549.7,0.6351,550.4,0.0004631,0.0004462,0.9635
water,276,0.35,507.5,0.5545,508.0,0.0005577,0.0005404,0.9689
water,276,0.4,471.4,0.4928,471.9,0.0006599,0.0006422,0.9731
water,276,0.45,440.1,0.4439,440.6,0.0007697,0.0007515,0.9764
water,276,0.5,412.8,0.4043,413.2,0.0008869,0.0008683,0.979
water,276,0.55,388.8,0.3715,389.1,0.001012,0.0009926,0.9811
water,276,0.6,367.6,0.3438,368.0,0.001144,0.001124,0.9829
water,276,0.65,348.9,0.3201,349.2,0.001283,0.001263,0.9844
water,276,0.7,332.2,0.2996,332.5,0.00143,0.00141,0.9857
water,276,0.75,317.2,0.2817,317.5,0.001584,0.001563,0.9868
water,276,0.8,303.7,0.2658,303.9,0.001745,0.001724,0.9877
water,276,0.85,291.4,0.2516,291.7,0.001913,0.001891,0.9886
water,276,0.9,280.3,0.239,280.5,0.002088,0.002066,0.9893
water,276,0.95,270.0,0.2276,270.2,0.00227,0.002247,0.9899
water,276,1.0,260.6,0.2173,260.8,0.002458,0.002435,0.9905
water,276,1.25,222.8,0.1775,222.9,0.003499,0.003472,0.9925
water,276,1.5,195.5,0.1504,195.7,0.004698,0.004669,0.9938
water,276,1.75,174.8,0.1307,174.9,0.006052,0.00602,0.9946
water,276,2.0,158.5,0.1157,158.6,0.007555,0.007519,0.9952
water,276,2.25,145.3,0.1038,145.4,0.009203,0.009164,0.9957
water,276,2.5,134.3,0.09428,134.4,0.01099,0.01095,0.996
water,276,2.75,125.0,0.08637,125.1,0.01292,0.01288,0.9963
water,276,3.0,117.1,0.07972,117.2,0.01499,0.01494,0.9965
water,276,3.5,104.1,0.06916,104.2,0.01952,0.01946,0.9968
water,276,4.0,93.98,0.06113,94.04,0.02458,0.02451,0.9971
water,276,4.5,85.8,0.05481,85.86,0.03015,0.03007,0.9973
water,276,5.0,79.06,0.0497,79.11,0.03623,0.03613,0.9974
water,276,5.5,73.39,0.04549,73.43,0.04279,0.04268,0.9975
water,276,6.0,68.54,0.04195,68.58,0.04984,0.04972,0.9976
water,276,6.5,64.34,0.03894,64.38,0.05737,0.05724,0.9977
water,276,7.0,60.68,0.03634,60.71,0.06537,0.06522,0.9977
water,276,7.5,57.44,0.03407,57.47,0.07384,0.07368,0.9978
water,276,8.0,54.56,0.03208,54.6,0.08277,0.08259,0.9978
water,276,8.5,51.99,0.03031,52.02,0.09215,0.09196,0.9979
water,276,9.0,49.66,0.02873,49.69,0.102,0.1018,0.9979
water,276,9.5,47.56,0.02731,47.59,0.1123,0.112,0.9979
water,276,10.0,45.64,0.02603,45.67,0.123,0.1228,0.998
water,276,12.5,38.13,0.02111,38.15,0.1832,0.1828,0.9981
water,276,15.0,32.9,0.01778,32.92,0.2539,0.2535,0.9982
water,276,17.5,29.04,0.01538,29.05,0.335,0.3344,0.9982
water,276,20.0,26.05,0.01356,26.07,0.426,0.4252,0.9983
water,276,25.0,21.74,0.01098,21.75,0.637,0.6359,0.9983
water,276,27.5,20.12,0.01003,20.13,0.7566,0.7553,0.9984
water,276,30.0,18.75,0.009239,18.76,0.8853,0.8839,0.9984
water,276,35.0,16.56,0.007983,16.56,1.17,1.168,0.9984
water,276,40.0,14.87,0.007034,14.88,1.489,1.486,0.9985
water,276,45.0,13.53,0.00629,13.54,1.841,1.839,0.9985
water,276,50.0,12.44,0.005691,12.45,2.227,2.224,0.9985
water,276,55.0,11.54,0.005199,11.54,2.644,2.641,0.9985
water,276,60.0,10.78,0.004786,10.78,3.093,3.089,0.9986
water,276,65.0,10.12,0.004435,10.13,3.572,3.567,0.9986
water,276,70.0,9.555,0.004134,9.559,4.08,4.075,0.9986
water,276,75.0,9.059,0.003871,9.063,4.618,4.611,0.9986
water,276,80.0,8.622,0.003641,8.625,5.184,5.176,0.9986
water,276,85.0,8.233,0.003437,8.236,5.777,5.769,0.9986
water,276,90.0,7.884,0.003255,7.888,6.398,6.389,0.9986
water,276,95.0,7.57,0.003092,7.573,7.045,7.035,0.9986
water,276,100.0,7.286,0.002944,7.289,7.718,7.707,0.9987
water,276,125.0,6.19,0.002381,6.192,11.46,11.44,0.9987
water,276,150.0,5.443,0.002001,5.445,15.77,15.76,0.9987
water,276,175.0,4.901,0.001728,4.903,20.62,20.6,0.9988
water,276,200.0,4.491,0.001522,4.492,25.96,25.93,0.9988
water,276,225.0,4.169,0.001361,4.17,31.74,31.71,0.9988
water,276,250.0,3.91,0.001231,3.911,37.94,37.9,0.9989
water,276,275.0,3.697,0.001124,3.698,44.52,44.47,0.9989
water,276,300.0,3.519,0.001035,3.52,51.45,51.39,0.9989
water,276,350.0,3.24,0.0008936,3.241,66.28,66.21,0.9989
water,276,400.0,3.031,0.000787,3.032,82.25,82.17,0.999
water,276,450.0,2.87,0.0007037,2.871,99.21,99.12,0.999
water,276,500.0,2.743,0.0006367,2.743,117.0,116.9,0.999
water,276,550.0,2.64,0.0005816,2.64,135.6,135.5,0.9991
water,276,600.0,2.555,0.0005355,2.556,154.9,154.7,0.9991
water,276,650.0,2.485,0.0004963,2.485,174.7,174.6,0.9991
water,276,700.0,2.426,0.0004626,2.426,195.1,194.9,0.9991
water,276,750.0,2.375,0.0004333,2.376,215.9,215.8,0.9991
water,276,800.0,2.333,0.0004076,2.333,237.2,237.0,0.9992
water,276,850.0,2.296,0.0003849,2.296,258.8,258.6,0.9992
water,276,900.0,2.264,0.0003646,2.264,280.7,280.5,0.9992
water,276,950.0,2.236,0.0003464,2.236,302.9,302.7,0.9992
water,276,1000.0,2.211,0.00033,2.211,325.4,325.2,0.9992
water,276,1500.0,2.07,0.0002249,2.07,560.5,560.1,0.9993
water,276,2000.0,2.021,0.0001715,2.021,805.4,804.9,0.9994
water,276,2500.0,2.004,0.000139,2.004,1054.0,1053.0,0.9995
water,276,3000.0,2.001,0.0001171,2.001,1304.0,1303.0,0.9995
water,276,4000.0,2.012,8.939e-05,2.012,1802.0,1802.0,0.9996
water,276,5000.0,2.031,7.251e-05,2.031,2297.0,2296.0,0.9996
water,276,6000.0,2.052,6.112e-05,2.052,2787.0,2786.0,0.9997
water,276,7000.0,2.072,5.291e-05,2.072,3272.0,3271.0,0.9997
water,276,8000.0,2.091,4.669e-05,2.091,3752.0,3751.0,0.9997
water,276,9000.0,2.109,4.181e-05,2.109,4228.0,4227.0,0.9997
water,276,10000.0,2.126,3.788e-05,2.126,4700.0,4699.0,0.9998
aluminum,13,0.001,92.38,11.97,104.3,1.471e-05,3.758e-06,0.2555
aluminum,13,0.0015,113.1,10.72,123.9,1.906e-05,5.59e-06,0.2933
aluminum,13,0.002,130.6,9.749,140.4,2.285e-05,7.413e-06,0.3245
aluminum,13,0.0025,146.1,8.967,155.0,2.623e-05,9.205e-06,0.3509
aluminum,13,0.003,160.0,8.324,168.3,2.933e-05,1.096e-05,0.3738
aluminum,13,0.004,184.8,7.322,192.1,3.487e-05,1.438e-05,0.4122
aluminum,13,0.005,206.6,6.571,213.1,3.981e-05,1.765e-05,0.4434
aluminum,13,0.006,226.3,5.982,232.3,4.43e-05,2.08e-05,0.4696
aluminum,13,0.007,244.4,5.505,249.9,4.845e-05,2.384e-05,0.4921
aluminum,13,0.008,261.3,5.11,266.4,5.232e-05,2.677e-05,0.5117
aluminum,13,0.009,277.1,4.775,281.9,5.597e-05,2.961e-05,0.5291
aluminum,13,0.01,292.1,4.488,296.6,5.943e-05,3.236e-05,0.5445
aluminum,13,0.0125,320.6,3.917,324.5,6.746e-05,3.895e-05,0.5773
aluminum,13,0.015,344.8,3.491,348.3,7.489e-05,4.523e-05,0.604
aluminum,13,0.0175,365.7,3.157,368.9,8.186e-05,5.127e-05,0.6263
aluminum,13,0.02,383.8,2.889,386.7,8.848e-05,5.711e-05,0.6454
aluminum,13,0.0225,399.6,2.667,402.2,9.481e-05,6.277e-05,0.662
aluminum,13,0.025,413.2,2.48,415.7,0.0001009,6.829e-05,0.6767
aluminum,13,0.0275,425.0,2.321,427.3,0.0001069,7.37e-05,0.6898
aluminum,13,0.03,435.1,2.183,437.3,0.0001126,7.902e-05,0.7015
aluminum,13,0.035,451.0,1.955,452.9,0.0001239,8.943e-05,0.722
aluminum,13,0.04,462.0,1.774,463.8,0.0001348,9.964e-05,0.7394
aluminum,13,0.045,469.2,1.627,470.9,0.0001455,0.0001097,0.7544
aluminum,13,0.05,473.4,1.504,474.9,0.000156,0.0001198,0.7676
aluminum,13,0.055,475.2,1.401,476.6,0.0001665,0.0001298,0.7793
aluminum,13,0.06,475.1,1.311,476.4,0.000177,0.0001398,0.7898
aluminum,13,0.065,473.7,1.234,474.9,0.0001875,0.0001499,0.7994
aluminum,13,0.07,471.2,1.166,472.4,0.0001981,0.0001601,0.8081
aluminum,13,0.075,468.0,1.106,469.1,0.0002087,0.0001703,0.8161
aluminum,13,0.08,464.2,1.052,465.3,0.0002194,0.0001807,0.8234
aluminum,13,0.085,460.1,1.003,461.1,0.0002302,0.0001911,0.8302
aluminum,13,0.09,455.8,0.9597,456.7,0.0002411,0.0002017,0.8366
aluminum,13,0.095,451.3,0.92,452.2,0.0002521,0.0002124,0.8425
aluminum,13,0.1,446.8,0.8837,447.7,0.0002632,0.0002232,0.848
aluminum,13,0.125,424.5,0.7406,425.3,0.0003205,0.0002791,0.8708
aluminum,13,0.15,404.5,0.64,405.1,0.0003808,0.0003381,0.888
aluminum,13,0.175,386.7,0.5651,387.3,0.0004439,0.0004001,0.9013
aluminum,13,0.2,371.0,0.507,371.5,0.0005098,0.0004649,0.9119
aluminum,13,0.225,356.8,0.4604,357.3,0.0005785,0.0005325,0.9205
aluminum,13,0.25,344.0,0.4222,344.4,0.0006498,0.0006028,0.9277
aluminum,13,0.275,332.3,0.3903,332.7,0.0007236,0.0006757,0.9337
aluminum,13,0.3,321.5,0.3632,321.8,0.0008001,0.0007511,0.9389
aluminum,13,0.35,301.7,0.3195,302.0,0.0009605,0.0009097,0.9471
aluminum,13,0.4,284.2,0.2858,284.4,0.001131,0.001079,0.9535
aluminum,13,0.45,268.6,0.2589,268.9,0.001312,0.001258,0.9585
aluminum,13,0.5,254.8,0.2369,255.0,0.001503,0.001447,0.9626
aluminum,13,0.55,242.5,0.2185,242.7,0.001704,0.001646,0.9659
aluminum,13,0.6,231.4,0.203,231.6,0.001915,0.001855,0.9687
aluminum,13,0.65,221.5,0.1897,221.6,0.002136,0.002074,0.9711
aluminum,13,0.7,212.4,0.1781,212.6,0.002366,0.002303,0.9731
aluminum,13,0.75,204.2,0.1679,204.3,0.002606,0.002541,0.9749
aluminum,13,0.8,196.6,0.1589,196.8,0.002856,0.002788,0.9764
aluminum,13,0.85,189.7,0.1509,189.9,0.003114,0.003045,0.9778
aluminum,13,0.9,183.3,0.1436,183.5,0.003382,0.003311,0.979
aluminum,13,0.95,177.4,0.1371,177.5,0.003659,0.003586,0.98
aluminum,13,1.0,171.9,0.1312,172.0,0.003945,0.00387,0.981
aluminum,13,1.25,149.4,0.1082,149.5,0.005509,0.005424,0.9845
aluminum,13,1.5,132.7,0.09232,132.8,0.007287,0.007191,0.9868
aluminum,13,1.75,119.8,0.08066,119.9,0.009272,0.009164,0.9884
aluminum,13,2.0,109.4,0.07173,109.5,0.01146,0.01134,0.9895
aluminum,13,2.25,100.9,0.06466,101.0,0.01384,0.0137,0.9904
aluminum,13,2.5,93.77,0.05891,93.83,0.01641,0.01626,0.9911
aluminum,13,2.75,87.69,0.05414,87.75,0.01916,0.019,0.9916
aluminum,13,3.0,82.45,0.05011,82.5,0.0221,0.02193,0.9921
aluminum,13,3.5,73.83,0.04369,73.88,0.02852,0.02832,0.9928
aluminum,13,4.0,67.03,0.03877,67.07,0.03563,0.0354,0.9933
aluminum,13,4.5,61.51,0.03489,61.54,0.04343,0.04315,0.9937
aluminum,13,5.0,56.91,0.03174,56.95,0.05188,0.05157,0.994
aluminum,13,5.5,53.03,0.02913,53.06,0.06098,0.06063,0.9942
aluminum,13,6.0,49.7,0.02693,49.73,0.07072,0.07033,0.9944
aluminum,13,6.5,46.81,0.02505,46.84,0.08109,0.08065,0.9946
aluminum,13,7.0,44.28,0.02342,44.3,0.09207,0.09158,0.9948
aluminum,13,7.5,42.03,0.022,42.05,0.1037,0.1031,0.9949
aluminum,13,8.0,40.02,0.02075,40.04,0.1158,0.1153,0.995
aluminum,13,8.5,38.22,0.01963,38.24,0.1286,0.128,0.9951
aluminum,13,9.0,36.58,0.01864,36.6,0.142,0.1413,0.9952
aluminum,13,9.5,35.1,0.01774,35.12,0.1559,0.1552,0.9953
aluminum,13,10.0,33.75,0.01693,33.76,0.1705,0.1697,0.9953
aluminum,13,12.5,28.41,0.0138,28.42,0.2515,0.2504,0.9956
aluminum,13,15.0,24.65,0.01166,24.66,0.3462,0.3448,0.9958
aluminum,13,17.5,21.85,0.01012,21.86,0.4541,0.4523,0.996
aluminum,13,20.0,19.68,0.00894,19.69,0.5748,0.5726,0.9961
aluminum,13,25.0,16.51,0.007266,16.52,0.8533,0.8501,0.9963
aluminum,13,27.5,15.32,0.006649,15.32,1.011,1.007,0.9963
aluminum,13,30.0,14.3,0.00613,14.31,1.18,1.175,0.9964
aluminum,13,35.0,12.67,0.005308,12.68,1.552,1.546,0.9965
aluminum,13,40.0,11.41,0.004684,11.42,1.968,1.961,0.9966
aluminum,13,45.0,10.41,0.004194,10.41,2.427,2.419,0.9966
aluminum,13,50.0,9.59,0.003798,9.594,2.928,2.918,0.9967
aluminum,13,55.0,8.908,0.003473,8.911,3.469,3.458,0.9968
aluminum,13,60.0,8.33,0.0032,8.334,4.05,4.037,0.9968
aluminum,13,65.0,7.835,0.002967,7.838,4.669,4.654,0.9968
aluminum,13,70.0,7.405,0.002767,7.408,5.325,5.309,0.9969
aluminum,13,75.0,7.029,0.002593,7.031,6.018,6.0,0.9969
aluminum,13,80.0,6.696,0.002439,6.698,6.747,6.727,0.997
aluminum,13,85.0,6.399,0.002304,6.401,7.511,7.488,0.997
aluminum,13,90.0,6.133,0.002182,6.135,8.309,8.284,0.997
aluminum,13,95.0,5.893,0.002074,5.895,9.141,9.114,0.997
aluminum,13,100.0,5.676,0.001976,5.678,10.01,9.976,0.9971
aluminum,13,125.0,4.835,0.0016,4.837,14.8,14.76,0.9972
aluminum,13,150.0,4.261,0.001346,4.262,20.32,20.26,0.9973
aluminum,13,175.0,3.843,0.001163,3.844,26.51,26.44,0.9973
aluminum,13,200.0,3.525,0.001025,3.526,33.31,33.22,0.9974
aluminum,13,225.0,3.276,0.0009164,3.277,40.67,40.57,0.9975
aluminum,13,250.0,3.075,0.0008293,3.076,48.55,48.43,0.9975
aluminum,13,275.0,2.91,0.0007576,2.911,56.91,56.78,0.9976
aluminum,13,300.0,2.772,0.0006976,2.773,65.72,65.56,0.9976
aluminum,13,350.0,2.555,0.0006027,2.555,84.54,84.34,0.9977
aluminum,13,400.0,2.392,0.0005311,2.393,104.8,104.6,0.9978
aluminum,13,450.0,2.266,0.000475,2.267,126.3,126.0,0.9979
aluminum,13,500.0,2.166,0.0004299,2.167,148.9,148.5,0.9979
aluminum,13,550.0,2.086,0.0003928,2.086,172.4,172.0,0.998
aluminum,13,600.0,2.019,0.0003617,2.02,196.8,196.4,0.998
aluminum,13,650.0,1.964,0.0003353,1.965,221.9,221.4,0.9981
aluminum,13,700.0,1.918,0.0003126,1.918,247.6,247.2,0.9981
aluminum,13,750.0,1.878,0.0002929,1.879,274.0,273.5,0.9982
aluminum,13,800.0,1.845,0.0002755,1.845,300.8,300.3,0.9982
aluminum,13,850.0,1.816,0.0002602,1.816,328.2,327.6,0.9982
aluminum,13,900.0,1.79,0.0002465,1.791,355.9,355.3,0.9983
aluminum,13,950.0,1.768,0.0002342,1.769,384.0,383.3,0.9983
aluminum,13,1000.0,1.749,0.0002232,1.75,412.4,411.7,0.9983
aluminum,13,1500.0,1.647,0.0001523,1.647,708.7,707.7,0.9986
aluminum,13,2000.0,1.617,0.0001162,1.618,1016.0,1014.0,0.9987
aluminum,13,2500.0,1.613,9.419e-05,1.613,1325.0,1324.0,0.9989
aluminum,13,3000.0,1.619,7.938e-05,1.619,1635.0,1633.0,0.999
aluminum,13,4000.0,1.642,6.062e-05,1.642,2248.0,2246.0,0.9991
aluminum,13,5000.0,1.668,4.92e-05,1.668,2853.0,2850.0,0.9992
aluminum,13,6000.0,1.692,4.148e-05,1.692,3448.0,3445.0,0.9993
aluminum,13,7000.0,1.714,3.592e-05,1.714,4035.0,4032.0,0.9993
aluminum,13,8000.0,1.734,3.17e-05,1.734,4615.0,4612.0,0.9994
aluminum,13,9000.0,1.752,2.84e-05,1.752,5189.0,5186.0,0.9994
aluminum,13,10000.0,1.768,2.574e-05,1.768,5757.0,5754.0,0.9995
copper,29,0.001,34.9,4.408,39.31,4.116e-05,5.62e-06,0.1365
copper,29,0.0015,42.74,4.231,46.97,5.267e-05,8.301e-06,0.1576
copper,29,0.002,49.35,4.049,53.4,6.263e-05,1.101e-05,0.1759
copper,29,0.0025,55.18,3.876,59.06,7.152e-05,1.374e-05,0.1921
copper,29,0.003,60.45,3.718,64.16,7.964e-05,1.647e-05,0.2068
copper,29,0.004,69.8,3.44,73.24,9.419e-05,2.194e-05,0.2329
copper,29,0.005,78.04,3.207,81.24,0.0001071,2.739e-05,0.2556
copper,29,0.006,85.48,3.01,88.49,0.0001189,3.28e-05,0.2758
copper,29,0.007,92.33,2.84,95.17,0.0001298,3.817e-05,0.294
copper,29,0.008,98.71,2.692,101.4,0.00014,4.347e-05,0.3106
copper,29,0.009,104.7,2.561,107.3,0.0001496,4.872e-05,0.3258
copper,29,0.01,110.4,2.445,112.8,0.0001587,5.391e-05,0.3398
copper,29,0.0125,121.4,2.204,123.6,0.0001798,6.668e-05,0.3709
copper,29,0.015,130.9,2.014,132.9,0.0001993,7.925e-05,0.3977
copper,29,0.0175,139.2,1.859,141.1,0.0002175,9.16e-05,0.4211
copper,29,0.02,146.6,1.729,148.4,0.0002348,0.0001037,0.4419
copper,29,0.0225,153.2,1.62,154.8,0.0002513,0.0001157,0.4605
copper,29,0.025,159.0,1.525,160.6,0.0002671,0.0001275,0.4774
copper,29,0.0275,164.3,1.442,165.7,0.0002824,0.0001392,0.4928
copper,29,0.03,168.9,1.369,170.3,0.0002973,0.0001507,0.5069
copper,29,0.035,176.9,1.246,178.1,0.000326,0.0001735,0.5321
copper,29,0.04,183.2,1.146,184.4,0.0003536,0.0001959,0.5541
copper,29,0.045,188.4,1.062,189.4,0.0003803,0.0002181,0.5734
copper,29,0.05,192.5,0.9917,193.5,0.0004064,0.0002401,0.5908
copper,29,0.055,195.9,0.9309,196.8,0.000432,0.000262,0.6064
copper,29,0.06,198.7,0.8779,199.6,0.0004573,0.0002838,0.6206
copper,29,0.065,201.0,0.8314,201.8,0.0004822,0.0003055,0.6336
copper,29,0.07,202.8,0.79,203.6,0.0005068,0.0003272,0.6456
copper,29,0.075,204.4,0.7531,205.1,0.0005313,0.0003489,0.6567
copper,29,0.08,205.6,0.7198,206.3,0.0005556,0.0003705,0.6669
copper,29,0.085,206.7,0.6896,207.3,0.0005798,0.0003922,0.6765
copper,29,0.09,207.5,0.6622,208.2,0.0006038,0.0004139,0.6855
copper,29,0.095,208.2,0.6371,208.8,0.0006278,0.0004356,0.6939
copper,29,0.1,208.7,0.614,209.3,0.0006517,0.0004574,0.7018
copper,29,0.125,209.9,0.5217,210.4,0.0007707,0.0005667,0.7353
copper,29,0.15,209.2,0.4556,209.7,0.0008897,0.0006774,0.7613
copper,29,0.175,207.5,0.4055,207.9,0.001009,0.0007897,0.7824
copper,29,0.2,205.1,0.3662,205.5,0.00113,0.000904,0.7998
copper,29,0.225,202.3,0.3344,202.6,0.001253,0.00102,0.8144
copper,29,0.25,199.1,0.3081,199.4,0.001377,0.001139,0.827
copper,29,0.275,195.8,0.286,196.1,0.001504,0.00126,0.838
copper,29,0.3,192.3,0.2671,192.6,0.001632,0.001383,0.8476
copper,29,0.35,185.4,0.2364,185.6,0.001897,0.001638,0.8637
copper,29,0.4,178.6,0.2125,178.8,0.002171,0.001903,0.8767
copper,29,0.45,172.0,0.1933,172.2,0.002456,0.00218,0.8874
copper,29,0.5,165.8,0.1775,166.0,0.002752,0.002467,0.8964
copper,29,0.55,159.6,0.1643,159.8,0.003059,0.002766,0.9041
copper,29,0.6,153.6,0.153,153.8,0.003378,0.003076,0.9108
copper,29,0.65,148.0,0.1433,148.1,0.003709,0.0034,0.9166
copper,29,0.7,142.7,0.1348,142.8,0.004053,0.003736,0.9217
copper,29,0.75,137.8,0.1274,137.9,0.004409,0.004084,0.9262
copper,29,0.8,133.3,0.1208,133.4,0.004778,0.004445,0.9303
copper,29,0.85,129.1,0.1149,129.2,0.005159,0.004818,0.9339
copper,29,0.9,125.2,0.1095,125.3,0.005552,0.005203,0.9371
copper,29,0.95,121.7,0.1047,121.8,0.005957,0.005599,0.94
copper,29,1.0,118.3,0.1003,118.4,0.006373,0.006008,0.9427
copper,29,1.25,104.7,0.08324,104.8,0.008622,0.008216,0.9529
copper,29,1.5,94.43,0.07139,94.5,0.01114,0.01069,0.9598
copper,29,1.75,86.45,0.06265,86.52,0.01391,0.01342,0.9647
copper,29,2.0,79.87,0.05593,79.92,0.01692,0.01638,0.9683
copper,29,2.25,74.25,0.05058,74.3,0.02016,0.01958,0.9711
copper,29,2.5,69.55,0.04622,69.6,0.02364,0.02301,0.9734
copper,29,2.75,65.52,0.04259,65.56,0.02735,0.02667,0.9752
copper,29,3.0,61.96,0.0395,61.99,0.03127,0.03054,0.9767
copper,29,3.5,56.07,0.03457,56.1,0.03976,0.03893,0.979
copper,29,4.0,51.33,0.03078,51.36,0.04909,0.04814,0.9807
copper,29,4.5,47.43,0.02778,47.46,0.05922,0.05816,0.9821
copper,29,5.0,44.16,0.02534,44.18,0.07015,0.06897,0.9831
copper,29,5.5,41.36,0.02331,41.39,0.08185,0.08054,0.984
copper,29,6.0,38.94,0.02159,38.97,0.09431,0.09286,0.9847
copper,29,6.5,36.83,0.02013,36.85,0.1075,0.1059,0.9853
copper,29,7.0,34.96,0.01886,34.98,0.1214,0.1197,0.9858
copper,29,7.5,33.29,0.01774,33.31,0.1361,0.1342,0.9862
copper,29,8.0,31.8,0.01676,31.81,0.1515,0.1494,0.9866
copper,29,8.5,30.45,0.01588,30.46,0.1675,0.1653,0.987
copper,29,9.0,29.22,0.0151,29.24,0.1843,0.1819,0.9873
copper,29,9.5,28.1,0.01439,28.12,0.2017,0.1992,0.9875
copper,29,10.0,27.08,0.01375,27.09,0.2199,0.2172,0.9878
copper,29,12.5,22.99,0.01127,23.01,0.3204,0.3168,0.9887
copper,29,15.0,20.09,0.009579,20.1,0.437,0.4323,0.9894
copper,29,17.5,17.9,0.008341,17.91,0.569,0.5632,0.9898
copper,29,20.0,16.19,0.007396,16.2,0.716,0.709,0.9902
copper,29,25.0,13.68,0.006045,13.68,1.053,1.044,0.9907
copper,29,27.5,12.72,0.005545,12.73,1.243,1.232,0.9909
copper,29,30.0,11.91,0.005123,11.91,1.446,1.433,0.9911
copper,29,35.0,10.59,0.004452,10.6,1.892,1.876,0.9914
copper,29,40.0,9.573,0.003941,9.577,2.389,2.369,0.9917
copper,29,45.0,8.756,0.003538,8.76,2.936,2.912,0.9918
copper,29,50.0,8.086,0.003212,8.09,3.53,3.502,0.992
copper,29,55.0,7.527,0.002942,7.53,4.171,4.139,0.9922
copper,29,60.0,7.052,0.002716,7.055,4.858,4.82,0.9923
copper,29,65.0,6.644,0.002522,6.646,5.588,5.546,0.9924
copper,29,70.0,6.288,0.002355,6.291,6.362,6.314,0.9925
copper,29,75.0,5.976,0.00221,5.979,7.178,7.124,0.9926
copper,29,80.0,5.7,0.002081,5.702,8.034,7.975,0.9927
copper,29,85.0,5.453,0.001968,5.455,8.931,8.866,0.9928
copper,29,90.0,5.232,0.001866,5.234,9.867,9.796,0.9928
copper,29,95.0,5.032,0.001774,5.034,10.84,10.76,0.9929
copper,29,100.0,4.85,0.001692,4.852,11.85,11.77,0.993
copper,29,125.0,4.146,0.001374,4.147,17.45,17.33,0.9933
copper,29,150.0,3.663,0.001159,3.664,23.88,23.73,0.9935
copper,29,175.0,3.31,0.001003,3.311,31.08,30.88,0.9937
copper,29,200.0,3.041,0.0008852,3.042,38.96,38.72,0.9938
copper,29,225.0,2.829,0.0007926,2.83,47.49,47.21,0.994
copper,29,250.0,2.658,0.0007179,2.659,56.62,56.28,0.9941
copper,29,275.0,2.518,0.0006564,2.518,66.28,65.9,0.9942
copper,29,300.0,2.4,0.0006048,2.4,76.46,76.03,0.9944
copper,29,350.0,2.214,0.0005231,2.214,98.19,97.65,0.9946
copper,29,400.0,2.074,0.0004613,2.074,121.5,120.9,0.9947
copper,29,450.0,1.966,0.0004129,1.966,146.3,145.6,0.9949
copper,29,500.0,1.88,0.0003739,1.88,172.4,171.5,0.995
copper,29,550.0,1.81,0.0003418,1.811,199.5,198.5,0.9952
copper,29,600.0,1.753,0.0003149,1.754,227.5,226.5,0.9953
copper,29,650.0,1.706,0.000292,1.706,256.5,255.3,0.9954
copper,29,700.0,1.666,0.0002723,1.666,286.1,284.8,0.9955
copper,29,750.0,1.632,0.0002552,1.632,316.4,315.1,0.9956
copper,29,800.0,1.603,0.0002401,1.603,347.4,345.9,0.9957
copper,29,850.0,1.578,0.0002268,1.578,378.8,377.2,0.9958
copper,29,900.0,1.556,0.0002149,1.556,410.7,409.0,0.9959
copper,29,950.0,1.537,0.0002043,1.538,443.0,441.2,0.996
copper,29,1000.0,1.521,0.0001947,1.521,475.7,473.9,0.996
copper,29,1500.0,1.433,0.000133,1.433,816.4,813.6,0.9966
copper,29,2000.0,1.407,0.0001015,1.407,1169.0,1166.0,0.997
copper,29,2500.0,1.404,8.235e-05,1.404,1525.0,1521.0,0.9973
copper,29,3000.0,1.409,6.943e-05,1.409,1881.0,1876.0,0.9975
copper,29,4000.0,1.43,5.306e-05,1.43,2585.0,2580.0,0.9979
copper,29,5000.0,1.454,4.307e-05,1.454,3279.0,3273.0,0.9981
copper,29,6000.0,1.476,3.633e-05,1.476,3961.0,3955.0,0.9983
copper,29,7000.0,1.498,3.146e-05,1.498,4634.0,4627.0,0.9984
copper,29,8000.0,1.517,2.778e-05,1.517,5297.0,5290.0,0.9986
copper,29,9000.0,1.535,2.489e-05,1.535,5952.0,5945.0,0.9987
copper,29,10000.0,1.552,2.256e-05,1.552,6600.0,6592.0,0.9987
lead,82,0.001,15.4,0.829,16.23,0.0001079,1.006e-05,0.0932
lead,82,0.0015,18.86,0.8494,19.71,0.0001355,1.428e-05,0.1054
lead,82,0.002,21.78,0.8554,22.64,0.0001592,1.843e-05,0.1158
lead,82,0.0025,24.35,0.8548,25.21,0.0001801,2.253e-05,0.1251
lead,82,0.003,26.68,0.8508,27.53,0.000199,2.658e-05,0.1335
lead,82,0.004,30.81,0.8374,31.64,0.0002328,3.46e-05,0.1486
lead,82,0.005,34.44,0.8208,35.26,0.0002627,4.255e-05,0.162
lead,82,0.006,37.73,0.8033,38.53,0.0002898,5.045e-05,0.1741
lead,82,0.007,40.75,0.7856,41.54,0.0003148,5.83e-05,0.1852
lead,82,0.008,43.57,0.7682,44.33,0.0003381,6.61e-05,0.1955
lead,82,0.009,46.21,0.7514,46.96,0.00036,7.387e-05,0.2052
lead,82,0.01,48.71,0.7352,49.44,0.0003807,8.16e-05,0.2143
lead,82,0.0125,53.82,0.6977,54.51,0.0004288,0.0001009,0.2352
lead,82,0.015,58.34,0.6643,59.01,0.0004728,0.00012,0.2539
lead,82,0.0175,62.45,0.6344,63.08,0.0005138,0.0001391,0.2708
lead,82,0.02,66.21,0.6075,66.82,0.0005523,0.0001581,0.2863
lead,82,0.0225,69.7,0.5833,70.28,0.0005887,0.0001769,0.3005
lead,82,0.025,72.94,0.5614,73.5,0.0006235,0.0001956,0.3137
lead,82,0.0275,75.98,0.5413,76.53,0.0006568,0.0002141,0.326
lead,82,0.03,78.85,0.523,79.37,0.0006889,0.0002325,0.3376
lead,82,0.035,84.11,0.4905,84.6,0.0007499,0.0002689,0.3587
lead,82,0.04,88.84,0.4626,89.3,0.0008074,0.0003048,0.3776
lead,82,0.045,93.13,0.4383,93.56,0.000862,0.0003402,0.3947
lead,82,0.05,97.02,0.4169,97.44,0.0009144,0.0003752,0.4104
lead,82,0.055,100.6,0.3978,101.0,0.0009648,0.0004098,0.4248
lead,82,0.06,103.8,0.3807,104.2,0.001014,0.000444,0.4381
lead,82,0.065,106.8,0.3653,107.1,0.001061,0.0004779,0.4505
lead,82,0.07,109.5,0.3513,109.8,0.001107,0.0005115,0.4621
lead,82,0.075,111.9,0.3385,112.2,0.001152,0.0005449,0.473
lead,82,0.08,114.1,0.3268,114.5,0.001196,0.0005781,0.4833
lead,82,0.085,116.2,0.316,116.5,0.001239,0.000611,0.493
lead,82,0.09,118.0,0.306,118.3,0.001282,0.0006438,0.5022
lead,82,0.095,119.6,0.2967,119.9,0.001324,0.0006765,0.511
lead,82,0.1,121.1,0.288,121.4,0.001365,0.0007091,0.5193
lead,82,0.125,126.1,0.2522,126.4,0.001567,0.0008712,0.5561
lead,82,0.15,128.1,0.2253,128.3,0.001763,0.001034,0.5865
lead,82,0.175,127.9,0.2042,128.1,0.001957,0.001199,0.6126
lead,82,0.2,126.3,0.1872,126.5,0.002154,0.001368,0.6353
lead,82,0.225,123.6,0.173,123.8,0.002353,0.001543,0.6555
lead,82,0.25,120.4,0.1611,120.6,0.002558,0.001723,0.6736
lead,82,0.275,116.9,0.1509,117.1,0.002768,0.00191,0.69
lead,82,0.3,113.3,0.1421,113.5,0.002985,0.002104,0.7048
lead,82,0.35,106.4,0.1274,106.5,0.00344,0.002514,0.7309
lead,82,0.4,99.98,0.1158,100.1,0.003925,0.002955,0.7529
lead,82,0.45,94.37,0.1063,94.48,0.004439,0.003425,0.7716
lead,82,0.5,89.5,0.09838,89.6,0.004983,0.003925,0.7876
lead,82,0.55,85.18,0.09166,85.28,0.005555,0.004452,0.8015
lead,82,0.6,81.37,0.08589,81.46,0.006155,0.005007,0.8135
lead,82,0.65,78.01,0.08086,78.1,0.006782,0.005589,0.8241
lead,82,0.7,75.05,0.07644,75.12,0.007435,0.006196,0.8333
lead,82,0.75,72.42,0.07253,72.49,0.008113,0.006827,0.8415
lead,82,0.8,70.08,0.06903,70.15,0.008814,0.007481,0.8488
lead,82,0.85,67.99,0.06588,68.06,0.009538,0.008157,0.8552
lead,82,0.9,66.12,0.06303,66.19,0.01028,0.008854,0.8611
lead,82,0.95,64.44,0.06044,64.5,0.01105,0.009571,0.8663
lead,82,1.0,62.92,0.05807,62.98,0.01183,0.01031,0.871
lead,82,1.25,56.88,0.04873,56.93,0.01602,0.01424,0.8893
lead,82,1.5,52.22,0.04216,52.26,0.02061,0.01858,0.9016
lead,82,1.75,48.46,0.03725,48.5,0.02558,0.02329,0.9105
lead,82,2.0,45.34,0.03344,45.37,0.03091,0.02836,0.9174
lead,82,2.25,42.69,0.03038,42.72,0.03659,0.03377,0.9228
lead,82,2.5,40.4,0.02788,40.43,0.04261,0.03951,0.9272
lead,82,2.75,38.4,0.02578,38.43,0.04896,0.04557,0.9308
lead,82,3.0,36.63,0.024,36.66,0.05562,0.05195,0.9339
lead,82,3.5,33.64,0.02112,33.66,0.06988,0.06561,0.9389
lead,82,4.0,31.18,0.0189,31.2,0.08532,0.08043,0.9427
lead,82,4.5,29.13,0.01713,29.14,0.1019,0.09639,0.9458
lead,82,5.0,27.37,0.01568,27.39,0.1196,0.1134,0.9483
lead,82,5.5,25.86,0.01447,25.87,0.1384,0.1316,0.9504
lead,82,6.0,24.53,0.01344,24.54,0.1583,0.1507,0.9522
lead,82,6.5,23.36,0.01256,23.37,0.1792,0.1709,0.9538
lead,82,7.0,22.31,0.0118,22.32,0.2011,0.192,0.9552
lead,82,7.5,21.37,0.01113,21.38,0.2239,0.2142,0.9564
lead,82,8.0,20.51,0.01053,20.52,0.2478,0.2373,0.9575
lead,82,8.5,19.74,0.009999,19.75,0.2727,0.2613,0.9584
lead,82,9.0,19.03,0.009521,19.04,0.2985,0.2863,0.9593
lead,82,9.5,18.38,0.00909,18.39,0.3252,0.3122,0.9601
lead,82,10.0,17.78,0.008698,17.79,0.3528,0.339,0.9608
lead,82,12.5,15.35,0.007176,15.36,0.5046,0.4863,0.9638
lead,82,15.0,13.59,0.006127,13.59,0.678,0.6548,0.9658
lead,82,17.5,12.23,0.005359,12.24,0.8722,0.8438,0.9674
lead,82,20.0,11.16,0.00477,11.16,1.086,1.052,0.9687
lead,82,25.0,9.55,0.003923,9.554,1.572,1.526,0.9706
lead,82,27.5,8.929,0.003608,8.932,1.843,1.79,0.9713
lead,82,30.0,8.393,0.003342,8.396,2.132,2.072,0.972
lead,82,35.0,7.514,0.002916,7.516,2.763,2.688,0.973
lead,82,40.0,6.822,0.002591,6.825,3.462,3.371,0.9739
lead,82,45.0,6.264,0.002334,6.267,4.227,4.12,0.9746
lead,82,50.0,5.804,0.002125,5.806,5.057,4.931,0.9752
lead,82,55.0,5.418,0.001952,5.42,5.949,5.804,0.9757
lead,82,60.0,5.088,0.001806,5.09,6.901,6.737,0.9761
lead,82,65.0,4.804,0.001681,4.806,7.913,7.727,0.9765
lead,82,70.0,4.557,0.001573,4.558,8.982,8.774,0.9769
lead,82,75.0,4.339,0.001479,4.34,10.11,9.876,0.9772
lead,82,80.0,4.146,0.001396,4.147,11.29,11.03,0.9775
lead,82,85.0,3.973,0.001322,3.974,12.52,12.24,0.9778
lead,82,90.0,3.818,0.001255,3.819,13.8,13.5,0.9781
lead,82,95.0,3.678,0.001196,3.679,15.14,14.81,0.9783
lead,82,100.0,3.551,0.001142,3.552,16.52,16.16,0.9785
lead,82,125.0,3.056,0.0009329,3.057,24.14,23.64,0.9794
lead,82,150.0,2.713,0.0007905,2.714,32.84,32.19,0.9802
lead,82,175.0,2.462,0.000687,2.463,42.53,41.71,0.9808
lead,82,200.0,2.27,0.0006081,2.271,53.12,52.12,0.9813
lead,82,225.0,2.118,0.0005459,2.119,64.53,63.35,0.9818
lead,82,250.0,1.996,0.0004957,1.996,76.69,75.33,0.9822
lead,82,275.0,1.895,0.0004541,1.895,89.55,87.99,0.9826
lead,82,300.0,1.81,0.0004192,1.81,103.1,101.3,0.9829
lead,82,350.0,1.676,0.0003637,1.677,131.8,129.6,0.9836
lead,82,400.0,1.576,0.0003215,1.577,162.6,160.0,0.9841
lead,82,450.0,1.499,0.0002883,1.499,195.2,192.1,0.9846
lead,82,500.0,1.437,0.0002615,1.438,229.2,225.8,0.985
lead,82,550.0,1.388,0.0002394,1.388,264.6,260.8,0.9854
lead,82,600.0,1.347,0.0002209,1.348,301.2,296.9,0.9858
lead,82,650.0,1.314,0.0002051,1.314,338.8,334.1,0.9862
lead,82,700.0,1.286,0.0001914,1.286,377.3,372.2,0.9865
lead,82,750.0,1.262,0.0001795,1.262,416.5,411.0,0.9868
lead,82,800.0,1.242,0.0001691,1.242,456.5,450.6,0.9871
lead,82,850.0,1.224,0.0001598,1.224,497.1,490.8,0.9873
lead,82,900.0,1.209,0.0001515,1.21,538.2,531.5,0.9876
lead,82,950.0,1.197,0.0001441,1.197,579.7,572.7,0.9878
lead,82,1000.0,1.185,0.0001374,1.186,621.7,614.3,0.9881
lead,82,1500.0,1.13,9.419e-05,1.13,1056.0,1045.0,0.9898
lead,82,2000.0,1.12,7.205e-05,1.12,1501.0,1488.0,0.991
lead,82,2500.0,1.124,5.854e-05,1.124,1947.0,1932.0,0.9919
lead,82,3000.0,1.135,4.94e-05,1.135,2390.0,2372.0,0.9926
lead,82,4000.0,1.161,3.78e-05,1.161,3261.0,3241.0,0.9936
lead,82,5000.0,1.187,3.072e-05,1.187,4113.0,4090.0,0.9944
lead,82,6000.0,1.211,2.593e-05,1.211,4947.0,4922.0,0.9949
lead,82,7000.0,1.233,2.247e-05,1.233,5765.0,5738.0,0.9954
lead,82,8000.0,1.253,1.985e-05,1.253,6569.0,6541.0,0.9957
lead,82,9000.0,1.271,1.779e-05,1.271,7361.0,7332.0,0.996
lead,82,10000.0,1.288,1.613e-05,1.288,8143.0,8112.0,0.9962
